<?xml version="1.0" encoding="utf-8"?>
<Carga xmlns:xsd="http://www.w3.org/2001/XMLSchema" xmlns:xsi="http://www.w3.org/2001/XMLSchema-instance"><Imoveis><Imovel><CodigoCliente>Casa na Praia</CodigoCliente>
<CodigoImovel>576</CodigoImovel>
<TipoImovel>Apartamento</TipoImovel>
<SubTipoImovel></SubTipoImovel>
<CategoriaImovel></CategoriaImovel>
<Cidade>Campinas</Cidade>
<Bairro></Bairro>
<Endereco></Endereco>
<Numero></Numero>
<CEP></CEP>
<PrecoVenda></PrecoVenda>
<PrecoLocacao></PrecoLocacao>
<PrecoCondominio></PrecoCondominio>
<QtdVagas></QtdVagas>
<AreaUtil></AreaUtil>
<QtdDormitorios></QtdDormitorios>
<Observacao><![CDATA[teste teste]]></Observacao>
<Fotos><Foto><NomeArquivo>52594331_244923389719131_8924302808220434432_o-yes.jpg</NomeArquivo>
<URLArquivo>http://localhost/grazi/wp-content/uploads/2018/10/52594331_244923389719131_8924302808220434432_o-yes.jpg</URLArquivo>
</Foto>
<Foto><NomeArquivo>48859986-e52e-4e7f-ab14-c0e19c1417ef-YES.jpg</NomeArquivo>
<URLArquivo>http://localhost/grazi/wp-content/uploads/2019/04/48859986-e52e-4e7f-ab14-c0e19c1417ef-YES.jpg</URLArquivo>
</Foto>
<Foto><NomeArquivo>06e0909d-898a-4655-b60d-24906452b3fc-YES.jpg</NomeArquivo>
<URLArquivo>http://localhost/grazi/wp-content/uploads/2019/04/06e0909d-898a-4655-b60d-24906452b3fc-YES.jpg</URLArquivo>
</Foto>
<Foto><NomeArquivo>bce86eb4-483b-44fb-8038-8b7a6eaf979f-YES.jpg</NomeArquivo>
<URLArquivo>http://localhost/grazi/wp-content/uploads/2019/04/bce86eb4-483b-44fb-8038-8b7a6eaf979f-YES.jpg</URLArquivo>
</Foto>
<Foto><NomeArquivo>06daf0d7-f598-4221-9485-4e35a5f3ec99-YES.jpg</NomeArquivo>
<URLArquivo>http://localhost/grazi/wp-content/uploads/2019/04/06daf0d7-f598-4221-9485-4e35a5f3ec99-YES.jpg</URLArquivo>
</Foto>
</Fotos>
</Imovel>
<Imovel><CodigoCliente>Casas em Valinhos</CodigoCliente>
<CodigoImovel>544</CodigoImovel>
<TipoImovel>Apartamento</TipoImovel>
<SubTipoImovel></SubTipoImovel>
<CategoriaImovel></CategoriaImovel>
<Cidade>Valinhos</Cidade>
<Bairro></Bairro>
<Endereco></Endereco>
<Numero></Numero>
<CEP></CEP>
<PrecoVenda></PrecoVenda>
<PrecoLocacao></PrecoLocacao>
<PrecoCondominio></PrecoCondominio>
<QtdVagas></QtdVagas>
<AreaUtil></AreaUtil>
<QtdDormitorios></QtdDormitorios>
<Observacao><![CDATA[Casas de vila com quintal à venda com Churrasqueira ,Espaço gourmet,Piscina,Playground,Portaria 24h,Salão de festas,Segurança 24h.]]></Observacao>
<Fotos><Foto><NomeArquivo>parceiro-3-1.jpg</NomeArquivo>
<URLArquivo>http://localhost/grazi/wp-content/uploads/2018/10/parceiro-3-1.jpg</URLArquivo>
</Foto>
<Foto><NomeArquivo>lancamento-patio-central-brinquedoteca-6-1.jpg</NomeArquivo>
<URLArquivo>http://localhost/grazi/wp-content/uploads/2018/10/lancamento-patio-central-brinquedoteca-6-1.jpg</URLArquivo>
</Foto>
<Foto><NomeArquivo>parceiro-1-1.jpg</NomeArquivo>
<URLArquivo>http://localhost/grazi/wp-content/uploads/2018/10/parceiro-1-1.jpg</URLArquivo>
</Foto>
<Foto><NomeArquivo>lancamento-patio-central-quadra-2-1.jpg</NomeArquivo>
<URLArquivo>http://localhost/grazi/wp-content/uploads/2018/10/lancamento-patio-central-quadra-2-1.jpg</URLArquivo>
</Foto>
<Foto><NomeArquivo>lancamento-patio-central-churrasqueira-5-1.jpg</NomeArquivo>
<URLArquivo>http://localhost/grazi/wp-content/uploads/2018/10/lancamento-patio-central-churrasqueira-5-1.jpg</URLArquivo>
</Foto>
<Foto><NomeArquivo>lancamento-patio-central-alameda-7-1.jpg</NomeArquivo>
<URLArquivo>http://localhost/grazi/wp-content/uploads/2018/10/lancamento-patio-central-alameda-7-1.jpg</URLArquivo>
</Foto>
<Foto><NomeArquivo>lancamento-patio-central-playground-3-1.jpg</NomeArquivo>
<URLArquivo>http://localhost/grazi/wp-content/uploads/2018/10/lancamento-patio-central-playground-3-1.jpg</URLArquivo>
</Foto>
<Foto><NomeArquivo>parceiro-4-1.jpg</NomeArquivo>
<URLArquivo>http://localhost/grazi/wp-content/uploads/2018/10/parceiro-4-1.jpg</URLArquivo>
</Foto>
</Fotos>
</Imovel>
<Imovel><CodigoCliente>Apartamentos São Gabriel Campinas</CodigoCliente>
<CodigoImovel>529</CodigoImovel>
<TipoImovel>Apartamento</TipoImovel>
<SubTipoImovel></SubTipoImovel>
<CategoriaImovel></CategoriaImovel>
<Cidade>Campinas</Cidade>
<Bairro></Bairro>
<Endereco></Endereco>
<Numero></Numero>
<CEP></CEP>
<PrecoVenda></PrecoVenda>
<PrecoLocacao></PrecoLocacao>
<PrecoCondominio></PrecoCondominio>
<QtdVagas></QtdVagas>
<AreaUtil></AreaUtil>
<QtdDormitorios></QtdDormitorios>
<Observacao><![CDATA[Condomínio fechado com apartamentos de 2 dormitórios na Região do São Gabriel, todos com vaga de garagem. Conforto, tranquilidade e segurança, além de área de lazer para sua diversão nos momentos livres. Como diferencial, o Canto dos Bem Te Vis oferece energia solar para as áreas comuns do condomínio.]]></Observacao>
<Fotos><Foto><NomeArquivo>11f31882-003a-4097-b8ae-ec3f4f3d856c-OKOKOK-yes.jpg</NomeArquivo>
<URLArquivo>http://localhost/grazi/wp-content/uploads/2019/04/11f31882-003a-4097-b8ae-ec3f4f3d856c-OKOKOK-yes.jpg</URLArquivo>
</Foto>
<Foto><NomeArquivo>20171030064643_PARQUECANTODOSBEMTEVIS_FESTAS_V03-1.jpg</NomeArquivo>
<URLArquivo>http://localhost/grazi/wp-content/uploads/2019/04/20171030064643_PARQUECANTODOSBEMTEVIS_FESTAS_V03-1.jpg</URLArquivo>
</Foto>
<Foto><NomeArquivo>2c8394d8-c45b-451a-af9a-bfcb2df4f8c1-OKKKKKK-2.jpg</NomeArquivo>
<URLArquivo>http://localhost/grazi/wp-content/uploads/2019/04/2c8394d8-c45b-451a-af9a-bfcb2df4f8c1-OKKKKKK-2.jpg</URLArquivo>
</Foto>
<Foto><NomeArquivo>CChIg_PARQUECANTODOSBEMTEVIS_FITNESS_V02-OKKKKKK.jpg</NomeArquivo>
<URLArquivo>http://localhost/grazi/wp-content/uploads/2019/04/CChIg_PARQUECANTODOSBEMTEVIS_FITNESS_V02-OKKKKKK.jpg</URLArquivo>
</Foto>
<Foto><NomeArquivo>c820a36e-b125-423f-ac37-0fb00d1c6ee6-OKOK.jpg</NomeArquivo>
<URLArquivo>http://localhost/grazi/wp-content/uploads/2019/04/c820a36e-b125-423f-ac37-0fb00d1c6ee6-OKOK.jpg</URLArquivo>
</Foto>
<Foto><NomeArquivo>d99f2f96-f336-4cd5-ba38-12fa00c5b5fc-OKOK.jpg</NomeArquivo>
<URLArquivo>http://localhost/grazi/wp-content/uploads/2019/04/d99f2f96-f336-4cd5-ba38-12fa00c5b5fc-OKOK.jpg</URLArquivo>
</Foto>
</Fotos>
</Imovel>
<Imovel><CodigoCliente>Apartamentos  Ouro Verde</CodigoCliente>
<CodigoImovel>519</CodigoImovel>
<TipoImovel>Apartamento</TipoImovel>
<SubTipoImovel></SubTipoImovel>
<CategoriaImovel></CategoriaImovel>
<Cidade>Campinas</Cidade>
<Bairro></Bairro>
<Endereco></Endereco>
<Numero></Numero>
<CEP></CEP>
<PrecoVenda></PrecoVenda>
<PrecoLocacao></PrecoLocacao>
<PrecoCondominio></PrecoCondominio>
<QtdVagas></QtdVagas>
<AreaUtil></AreaUtil>
<QtdDormitorios></QtdDormitorios>
<Observacao><![CDATA[Próximo ao Aeroporto Internacional de Viracopos, Mercado Dia, CEI Maria José Gonçalves, Escola Maria Pavanatti Fávaro, Escola Antônio da Costa Santos, a 8 minutos do Distrito Industrial, a 15 minutos do Shopping Campinas e a 20 minutos do Shopping Parque das Bandeiras. Vias de acesso: Av. Mercedes Benz, Av. Amoreiras, Av. Rui Rodrigues, Rod. Santos Dumont, Rod. dos Bandeirantes, Av. Mário Trevenzoli e Av. Fernando Paolieri. Lazer com Espaço Gourmet,Espaço Kids,Playground,Pomar,Bicicletário,Salão de Festas,Salão de Jogos.

&nbsp;]]></Observacao>
<Fotos><Foto><NomeArquivo>54346739_657031044715454_2650039407687499776_n-OKKK.jpg</NomeArquivo>
<URLArquivo>http://localhost/grazi/wp-content/uploads/2019/04/54346739_657031044715454_2650039407687499776_n-OKKK.jpg</URLArquivo>
</Foto>
<Foto><NomeArquivo>54433171_657031134715445_7214986724416421888_n-okkKk.jpg</NomeArquivo>
<URLArquivo>http://localhost/grazi/wp-content/uploads/2019/04/54433171_657031134715445_7214986724416421888_n-okkKk.jpg</URLArquivo>
</Foto>
<Foto><NomeArquivo>Planta-2-dorms-Giardino.jpg</NomeArquivo>
<URLArquivo>http://localhost/grazi/wp-content/uploads/2019/04/Planta-2-dorms-Giardino.jpg</URLArquivo>
</Foto>
<Foto><NomeArquivo>Planta-tipo-2-dorms.jpg</NomeArquivo>
<URLArquivo>http://localhost/grazi/wp-content/uploads/2019/04/Planta-tipo-2-dorms.jpg</URLArquivo>
</Foto>
</Fotos>
</Imovel>
<Imovel><CodigoCliente>Apartamento Setin Midtown Aquidaban Centro Campinas</CodigoCliente>
<CodigoImovel>503</CodigoImovel>
<TipoImovel>Apartamento</TipoImovel>
<SubTipoImovel></SubTipoImovel>
<CategoriaImovel></CategoriaImovel>
<Cidade>Campinas</Cidade>
<Bairro></Bairro>
<Endereco></Endereco>
<Numero></Numero>
<CEP></CEP>
<PrecoVenda></PrecoVenda>
<PrecoLocacao></PrecoLocacao>
<PrecoCondominio></PrecoCondominio>
<QtdVagas></QtdVagas>
<AreaUtil></AreaUtil>
<QtdDormitorios></QtdDormitorios>
<Observacao><![CDATA[<p style="margin: 0cm;margin-bottom: .0001pt;text-align: justify;text-indent: 35.45pt;line-height: 150%;background: white"><span style="font-size: 10.5pt;line-height: 150%;color: #212529">Apartamento à venda pronto para morar ao lado do centro, como vizinho, o nobre Cambuí,a 5 minutos de cinco rodovias, além do Aeroporto de Viracopos. Vizinho a Estação Central e o Terminal Multimodal de Campinas. O primeiro complexo multiuso da região conta a conveniência de equipe de segurança 24 horas, guarita blindada, concierge, fechadura biométrica e infraestrutura para automação.</span></p>
<p style="margin: 0cm;margin-bottom: 1rem;text-align: justify;text-indent: 35.45pt;line-height: 150%;background: white"><span style="font-size: 10.5pt;line-height: 150%;color: #212529">Conta ainda com áreas de lazer com Fitness,Piscina,Salão de jogos,Churrasqueira,Lobby,Bicicletário,Home office,Pet place. Além de serviços Pay-Per-Use como manutenção, Help Desk, tradução, entre outros. Aceita 50% de entrada e financiamento.</span></p>]]></Observacao>
<Fotos><Foto><NomeArquivo>Screen-Shot-2017-07-26-at-16.03.09-222.png</NomeArquivo>
<URLArquivo>http://localhost/grazi/wp-content/uploads/2019/04/Screen-Shot-2017-07-26-at-16.03.09-222.png</URLArquivo>
</Foto>
<Foto><NomeArquivo>a10112bc36f341572ef816c3b1024f22_1-333.jpg</NomeArquivo>
<URLArquivo>http://localhost/grazi/wp-content/uploads/2019/04/a10112bc36f341572ef816c3b1024f22_1-333.jpg</URLArquivo>
</Foto>
<Foto><NomeArquivo>a10112bc36f341572ef816c3b1024f22_6-444.jpg</NomeArquivo>
<URLArquivo>http://localhost/grazi/wp-content/uploads/2019/04/a10112bc36f341572ef816c3b1024f22_6-444.jpg</URLArquivo>
</Foto>
<Foto><NomeArquivo>Screen-Shot-2017-07-26-at-16.03.29-888.png</NomeArquivo>
<URLArquivo>http://localhost/grazi/wp-content/uploads/2019/04/Screen-Shot-2017-07-26-at-16.03.29-888.png</URLArquivo>
</Foto>
<Foto><NomeArquivo>Screen-Shot-2017-07-26-at-16.03.40-10101.png</NomeArquivo>
<URLArquivo>http://localhost/grazi/wp-content/uploads/2019/04/Screen-Shot-2017-07-26-at-16.03.40-10101.png</URLArquivo>
</Foto>
<Foto><NomeArquivo>Screen-Shot-2017-07-26-at-16.03.43-666.png</NomeArquivo>
<URLArquivo>http://localhost/grazi/wp-content/uploads/2019/04/Screen-Shot-2017-07-26-at-16.03.43-666.png</URLArquivo>
</Foto>
</Fotos>
</Imovel>
<Imovel><CodigoCliente>Apartamentos Cambuí</CodigoCliente>
<CodigoImovel>486</CodigoImovel>
<TipoImovel>Apartamento</TipoImovel>
<SubTipoImovel></SubTipoImovel>
<CategoriaImovel></CategoriaImovel>
<Cidade>Campinas</Cidade>
<Bairro></Bairro>
<Endereco></Endereco>
<Numero></Numero>
<CEP></CEP>
<PrecoVenda></PrecoVenda>
<PrecoLocacao></PrecoLocacao>
<PrecoCondominio></PrecoCondominio>
<QtdVagas></QtdVagas>
<AreaUtil></AreaUtil>
<QtdDormitorios></QtdDormitorios>
<Observacao><![CDATA[Breve lançamento, com conclusão prevista em 36 meses após o lançamento

Origem Cambuí é o mais novo lançamento de apartamentos em Campinas, um empreendimento inovador e arrojado. Torre única e somente 2 apartamentos por andar Origem oferecerá múltiplas opções de plantas personalização e automação :

110 m² – 2 quartos – 1 suítes – 2 vagas de garagem
120 m² – 3 quartos – 1 suítes – 2 vagas de garagem
122 m² – 3 quartos – 1 suítes – 2 vagas de garagem
172 m² – 3 quartos – 1 suítes – duplex – 3 vagas de garagem
196 m² – 3 quartos – 3 suítes – duplex – 3 vagas de garagem

Projeto desenvolvido pela CRB Construtora tem a frente do projeto arquitetônico o renomado arquiteto José Luís Porta &amp; Paulo Ruvina, paisagismo de Fernando Canguçu e como decorador de interiores Aldomar Caprini.]]></Observacao>
<Fotos><Foto><NomeArquivo>imagens_818161-ok-1-1.jpg</NomeArquivo>
<URLArquivo>http://localhost/grazi/wp-content/uploads/2019/02/imagens_818161-ok-1-1.jpg</URLArquivo>
</Foto>
<Foto><NomeArquivo>imagens_511645-ok-1.jpg</NomeArquivo>
<URLArquivo>http://localhost/grazi/wp-content/uploads/2019/02/imagens_511645-ok-1.jpg</URLArquivo>
</Foto>
<Foto><NomeArquivo>imagens_978497-ok-1.jpg</NomeArquivo>
<URLArquivo>http://localhost/grazi/wp-content/uploads/2019/02/imagens_978497-ok-1.jpg</URLArquivo>
</Foto>
<Foto><NomeArquivo>imagens_554603-ok-1.jpg</NomeArquivo>
<URLArquivo>http://localhost/grazi/wp-content/uploads/2019/02/imagens_554603-ok-1.jpg</URLArquivo>
</Foto>
<Foto><NomeArquivo>imagens_241843-ok-1.jpg</NomeArquivo>
<URLArquivo>http://localhost/grazi/wp-content/uploads/2019/02/imagens_241843-ok-1.jpg</URLArquivo>
</Foto>
<Foto><NomeArquivo>Planta-120m2-ok-1.jpg</NomeArquivo>
<URLArquivo>http://localhost/grazi/wp-content/uploads/2019/02/Planta-120m2-ok-1.jpg</URLArquivo>
</Foto>
<Foto><NomeArquivo>Duplex-ok-1.jpg</NomeArquivo>
<URLArquivo>http://localhost/grazi/wp-content/uploads/2019/02/Duplex-ok-1.jpg</URLArquivo>
</Foto>
</Fotos>
</Imovel>
<Imovel><CodigoCliente>Casa São Bernardo Campinas</CodigoCliente>
<CodigoImovel>444</CodigoImovel>
<TipoImovel>Casa</TipoImovel>
<SubTipoImovel></SubTipoImovel>
<CategoriaImovel></CategoriaImovel>
<Cidade>Campinas</Cidade>
<Bairro></Bairro>
<Endereco></Endereco>
<Numero></Numero>
<CEP></CEP>
<PrecoVenda></PrecoVenda>
<PrecoLocacao></PrecoLocacao>
<PrecoCondominio></PrecoCondominio>
<QtdVagas></QtdVagas>
<AreaUtil></AreaUtil>
<QtdDormitorios></QtdDormitorios>
<Observacao><![CDATA[São 2 imóveis no terreno totalmente separados, um nos fundos e outro/escritório de advocacia na frente. Na casa da frente são  3 salas sendo uma com metragem de 5x5  m², 1 banheiro, 2 recepções, sala de reunião, cozinha, churrasqueira, área de serviço ampla, todas as salas com ar condicionado e mobiliário. Nos fundos são 3 dormitórios sendo 2 suítes,1 banheiro social, 3 salas (jantar,TV e visita), cozinha com planejados e área de serviço fechada. Fachada toda em pedras tanto no sobrado dos fundos como na casa da frente. Localização privilegia próximo da Av. Das Amoreiras, do Oba Hortifrutti, Supermercado JL, do centro da cidade e fácil acesso à Rodovia Anhanguera, ampla área comercial. Aceita permuta  no valor equivalente a 30% do imóvel e o restante em dinheiro, aceita financiamento. Excelente oportunidade para investidores !]]></Observacao>
<Fotos><Foto><NomeArquivo>d105d418-56f6-4b6d-8141-c51257bfbb59-editado-1-1.jpg</NomeArquivo>
<URLArquivo>http://localhost/grazi/wp-content/uploads/2019/02/d105d418-56f6-4b6d-8141-c51257bfbb59-editado-1-1.jpg</URLArquivo>
</Foto>
<Foto><NomeArquivo>bdfb06c4-3ca3-49ec-a6d0-2f136c988723-EDITADO-1.jpg</NomeArquivo>
<URLArquivo>http://localhost/grazi/wp-content/uploads/2019/02/bdfb06c4-3ca3-49ec-a6d0-2f136c988723-EDITADO-1.jpg</URLArquivo>
</Foto>
<Foto><NomeArquivo>b3d93733-fb4b-4306-8e8d-b635cfad7108-editado-6-1.jpg</NomeArquivo>
<URLArquivo>http://localhost/grazi/wp-content/uploads/2019/02/b3d93733-fb4b-4306-8e8d-b635cfad7108-editado-6-1.jpg</URLArquivo>
</Foto>
<Foto><NomeArquivo>4359215d-cdf0-4aad-9761-f2af7e69cdb4-EDITADO-1.jpg</NomeArquivo>
<URLArquivo>http://localhost/grazi/wp-content/uploads/2019/02/4359215d-cdf0-4aad-9761-f2af7e69cdb4-EDITADO-1.jpg</URLArquivo>
</Foto>
<Foto><NomeArquivo>459bc4df-ccd2-4b48-82cd-c9e8daf11d37-editado-3-1.jpg</NomeArquivo>
<URLArquivo>http://localhost/grazi/wp-content/uploads/2019/02/459bc4df-ccd2-4b48-82cd-c9e8daf11d37-editado-3-1.jpg</URLArquivo>
</Foto>
<Foto><NomeArquivo>27c5f41e-efc0-4dff-9ba6-a9c02284731b-editado-4-1.jpg</NomeArquivo>
<URLArquivo>http://localhost/grazi/wp-content/uploads/2019/02/27c5f41e-efc0-4dff-9ba6-a9c02284731b-editado-4-1.jpg</URLArquivo>
</Foto>
<Foto><NomeArquivo>4caa1c8d-7189-4841-99bf-980a17159bfc-editado-2-1.jpg</NomeArquivo>
<URLArquivo>http://localhost/grazi/wp-content/uploads/2019/02/4caa1c8d-7189-4841-99bf-980a17159bfc-editado-2-1.jpg</URLArquivo>
</Foto>
<Foto><NomeArquivo>4caa1c8d-7189-4841-99bf-980a17159bfc-EDITADO-1.jpg</NomeArquivo>
<URLArquivo>http://localhost/grazi/wp-content/uploads/2019/02/4caa1c8d-7189-4841-99bf-980a17159bfc-EDITADO-1.jpg</URLArquivo>
</Foto>
<Foto><NomeArquivo>3c94df89-ff2a-476a-9c51-eb7380788f83-EDITADO-1.jpg</NomeArquivo>
<URLArquivo>http://localhost/grazi/wp-content/uploads/2019/02/3c94df89-ff2a-476a-9c51-eb7380788f83-EDITADO-1.jpg</URLArquivo>
</Foto>
<Foto><NomeArquivo>2fe012c2-ffb9-4ad3-bf4d-96bb501b80c3-editado-6-1.jpg</NomeArquivo>
<URLArquivo>http://localhost/grazi/wp-content/uploads/2019/02/2fe012c2-ffb9-4ad3-bf4d-96bb501b80c3-editado-6-1.jpg</URLArquivo>
</Foto>
<Foto><NomeArquivo>2ccfc5c8-20fd-40ac-bad4-bc06616f57d8-EDITADO-1.jpg</NomeArquivo>
<URLArquivo>http://localhost/grazi/wp-content/uploads/2019/02/2ccfc5c8-20fd-40ac-bad4-bc06616f57d8-EDITADO-1.jpg</URLArquivo>
</Foto>
<Foto><NomeArquivo>elelelelelelelel-028-editado-8-1.jpg</NomeArquivo>
<URLArquivo>http://localhost/grazi/wp-content/uploads/2019/02/elelelelelelelel-028-editado-8-1.jpg</URLArquivo>
</Foto>
<Foto><NomeArquivo>elelelelelelelel-020-editado-7-1.jpg</NomeArquivo>
<URLArquivo>http://localhost/grazi/wp-content/uploads/2019/02/elelelelelelelel-020-editado-7-1.jpg</URLArquivo>
</Foto>
<Foto><NomeArquivo>elelelelelelelel-017-EDITADO-1.jpg</NomeArquivo>
<URLArquivo>http://localhost/grazi/wp-content/uploads/2019/02/elelelelelelelel-017-EDITADO-1.jpg</URLArquivo>
</Foto>
</Fotos>
</Imovel>
<Imovel><CodigoCliente>Casa Jardim Novo Campos Elíseos</CodigoCliente>
<CodigoImovel>429</CodigoImovel>
<TipoImovel>Casa</TipoImovel>
<SubTipoImovel></SubTipoImovel>
<CategoriaImovel></CategoriaImovel>
<Cidade>Campinas</Cidade>
<Bairro></Bairro>
<Endereco></Endereco>
<Numero></Numero>
<CEP></CEP>
<PrecoVenda></PrecoVenda>
<PrecoLocacao></PrecoLocacao>
<PrecoCondominio></PrecoCondominio>
<QtdVagas></QtdVagas>
<AreaUtil></AreaUtil>
<QtdDormitorios></QtdDormitorios>
<Observacao><![CDATA[Casa a venda em condomínio fechado com fácil acesso a Av.Das Amoreiras, Ruy Rodrigues e as Rodovias Anhanguera e Santos Dumont. Sobrado com acabamento impecável, ambientes com armários planejados, dormitórios com ventiladores de teto, sendo 1 suíte com closet, 3 salas (estar, tv e jantar), cozinha planejada com fogão embutido, despensa, área de serviço fechada, wc social, lavabo, excelente quintal, espaço gourmet com churrasqueira, balcão, pia, cooktop, wc de apoio e 3 vagas de garagens. Conforto, segurança, tranquilidade e baixo custo de condomínio. Aceita permuta e financiamento.]]></Observacao>
<Fotos><Foto><NomeArquivo>imagem-5a9328fcbd96d5aa328b460f-56a13227ff979d0cfd8b4567-imagens_490568-EDITADO-3-1.jpg</NomeArquivo>
<URLArquivo>http://localhost/grazi/wp-content/uploads/2019/02/imagem-5a9328fcbd96d5aa328b460f-56a13227ff979d0cfd8b4567-imagens_490568-EDITADO-3-1.jpg</URLArquivo>
</Foto>
<Foto><NomeArquivo>imagem-5a9328fcbd96d5aa328b460f-56a13227ff979d0cfd8b4567-imagens_998036-EDITADO-6-1.jpg</NomeArquivo>
<URLArquivo>http://localhost/grazi/wp-content/uploads/2019/02/imagem-5a9328fcbd96d5aa328b460f-56a13227ff979d0cfd8b4567-imagens_998036-EDITADO-6-1.jpg</URLArquivo>
</Foto>
<Foto><NomeArquivo>imagem-5a9328fcbd96d5aa328b460f-56a13227ff979d0cfd8b4567-imagens_314209-EDITADO-2-1.jpg</NomeArquivo>
<URLArquivo>http://localhost/grazi/wp-content/uploads/2019/02/imagem-5a9328fcbd96d5aa328b460f-56a13227ff979d0cfd8b4567-imagens_314209-EDITADO-2-1.jpg</URLArquivo>
</Foto>
<Foto><NomeArquivo>imagem-5a9328fcbd96d5aa328b460f-56a13227ff979d0cfd8b4567-imagens_316799-EDITADO-5-2.jpg</NomeArquivo>
<URLArquivo>http://localhost/grazi/wp-content/uploads/2019/02/imagem-5a9328fcbd96d5aa328b460f-56a13227ff979d0cfd8b4567-imagens_316799-EDITADO-5-2.jpg</URLArquivo>
</Foto>
<Foto><NomeArquivo>imagem-5a9328fcbd96d5aa328b460f-56a13227ff979d0cfd8b4567-imagens_216284-EDITADO-7-1.jpg</NomeArquivo>
<URLArquivo>http://localhost/grazi/wp-content/uploads/2019/02/imagem-5a9328fcbd96d5aa328b460f-56a13227ff979d0cfd8b4567-imagens_216284-EDITADO-7-1.jpg</URLArquivo>
</Foto>
<Foto><NomeArquivo>imagem-5a9328fcbd96d5aa328b460f-56a13227ff979d0cfd8b4567-imagens_955366-EDITADO-9-1.jpg</NomeArquivo>
<URLArquivo>http://localhost/grazi/wp-content/uploads/2019/02/imagem-5a9328fcbd96d5aa328b460f-56a13227ff979d0cfd8b4567-imagens_955366-EDITADO-9-1.jpg</URLArquivo>
</Foto>
<Foto><NomeArquivo>imagem-5a9328fcbd96d5aa328b460f-56a13227ff979d0cfd8b4567-imagens_876772-EDITADO-10-1.jpg</NomeArquivo>
<URLArquivo>http://localhost/grazi/wp-content/uploads/2019/02/imagem-5a9328fcbd96d5aa328b460f-56a13227ff979d0cfd8b4567-imagens_876772-EDITADO-10-1.jpg</URLArquivo>
</Foto>
<Foto><NomeArquivo>imagem-5a9328fcbd96d5aa328b460f-56a13227ff979d0cfd8b4567-imagens_793378-EDITADO-8-1.jpg</NomeArquivo>
<URLArquivo>http://localhost/grazi/wp-content/uploads/2019/02/imagem-5a9328fcbd96d5aa328b460f-56a13227ff979d0cfd8b4567-imagens_793378-EDITADO-8-1.jpg</URLArquivo>
</Foto>
<Foto><NomeArquivo>imagem-5a9328fcbd96d5aa328b460f-56a13227ff979d0cfd8b4567-imagens_340713-EDITADO-4-1.jpg</NomeArquivo>
<URLArquivo>http://localhost/grazi/wp-content/uploads/2019/02/imagem-5a9328fcbd96d5aa328b460f-56a13227ff979d0cfd8b4567-imagens_340713-EDITADO-4-1.jpg</URLArquivo>
</Foto>
<Foto><NomeArquivo>imagem-5a9328fcbd96d5aa328b460f-56a13227ff979d0cfd8b4567-imagens_774453-editad-13-1.jpg</NomeArquivo>
<URLArquivo>http://localhost/grazi/wp-content/uploads/2019/02/imagem-5a9328fcbd96d5aa328b460f-56a13227ff979d0cfd8b4567-imagens_774453-editad-13-1.jpg</URLArquivo>
</Foto>
<Foto><NomeArquivo>imagem-5a9328fcbd96d5aa328b460f-56a13227ff979d0cfd8b4567-imagens_931683-OK-1-1.jpg</NomeArquivo>
<URLArquivo>http://localhost/grazi/wp-content/uploads/2019/02/imagem-5a9328fcbd96d5aa328b460f-56a13227ff979d0cfd8b4567-imagens_931683-OK-1-1.jpg</URLArquivo>
</Foto>
<Foto><NomeArquivo>imagem-5a9328fcbd96d5aa328b460f-56a13227ff979d0cfd8b4567-imagens_571064-OK-3-1.jpg</NomeArquivo>
<URLArquivo>http://localhost/grazi/wp-content/uploads/2019/02/imagem-5a9328fcbd96d5aa328b460f-56a13227ff979d0cfd8b4567-imagens_571064-OK-3-1.jpg</URLArquivo>
</Foto>
</Fotos>
</Imovel>
<Imovel><CodigoCliente>Apartamentos Valinhos</CodigoCliente>
<CodigoImovel>396</CodigoImovel>
<TipoImovel>Apartamento</TipoImovel>
<SubTipoImovel></SubTipoImovel>
<CategoriaImovel></CategoriaImovel>
<Cidade>Valinhos</Cidade>
<Bairro></Bairro>
<Endereco></Endereco>
<Numero></Numero>
<CEP></CEP>
<PrecoVenda></PrecoVenda>
<PrecoLocacao></PrecoLocacao>
<PrecoCondominio></PrecoCondominio>
<QtdVagas></QtdVagas>
<AreaUtil></AreaUtil>
<QtdDormitorios></QtdDormitorios>
<Observacao><![CDATA[Apartamentos com 2 dormitórios, sala 2 ambientes com sacada em uma das melhores localizações de Valinhos/SP.]]></Observacao>
<Fotos><Foto><NomeArquivo>42761253_470406900119084_1465644326900989952_o-EDITADO-1.jpg</NomeArquivo>
<URLArquivo>http://localhost/grazi/wp-content/uploads/2019/01/42761253_470406900119084_1465644326900989952_o-EDITADO-1.jpg</URLArquivo>
</Foto>
<Foto><NomeArquivo>0014-EDITADO-1.jpg-EDITADO-1.jpg</NomeArquivo>
<URLArquivo>http://localhost/grazi/wp-content/uploads/2019/01/0014-EDITADO-1.jpg-EDITADO-1.jpg</URLArquivo>
</Foto>
<Foto><NomeArquivo>0010-EDITADO-1.jpg</NomeArquivo>
<URLArquivo>http://localhost/grazi/wp-content/uploads/2019/01/0010-EDITADO-1.jpg</URLArquivo>
</Foto>
<Foto><NomeArquivo>42797484_470041613488946_3946885927808270336_o-EDITADO-1.jpg</NomeArquivo>
<URLArquivo>http://localhost/grazi/wp-content/uploads/2019/01/42797484_470041613488946_3946885927808270336_o-EDITADO-1.jpg</URLArquivo>
</Foto>
<Foto><NomeArquivo>42727757_470041676822273_3664711266565357568_o-EDITADO-1.jpg</NomeArquivo>
<URLArquivo>http://localhost/grazi/wp-content/uploads/2019/01/42727757_470041676822273_3664711266565357568_o-EDITADO-1.jpg</URLArquivo>
</Foto>
<Foto><NomeArquivo>0004-EDITADO-1.jpg</NomeArquivo>
<URLArquivo>http://localhost/grazi/wp-content/uploads/2019/01/0004-EDITADO-1.jpg</URLArquivo>
</Foto>
<Foto><NomeArquivo>42608108_470041483488959_1634377146531053568_o-EDITADO-1-1.jpg</NomeArquivo>
<URLArquivo>http://localhost/grazi/wp-content/uploads/2019/01/42608108_470041483488959_1634377146531053568_o-EDITADO-1-1.jpg</URLArquivo>
</Foto>
<Foto><NomeArquivo>0007-EDITADO-1.jpg</NomeArquivo>
<URLArquivo>http://localhost/grazi/wp-content/uploads/2019/01/0007-EDITADO-1.jpg</URLArquivo>
</Foto>
<Foto><NomeArquivo>0006-EDITADO-1.jpg</NomeArquivo>
<URLArquivo>http://localhost/grazi/wp-content/uploads/2019/01/0006-EDITADO-1.jpg</URLArquivo>
</Foto>
</Fotos>
</Imovel>
<Imovel><CodigoCliente>Apartamento Novo Maracanã Campinas</CodigoCliente>
<CodigoImovel>359</CodigoImovel>
<TipoImovel>Apartamento</TipoImovel>
<SubTipoImovel></SubTipoImovel>
<CategoriaImovel></CategoriaImovel>
<Cidade>Campinas</Cidade>
<Bairro></Bairro>
<Endereco></Endereco>
<Numero></Numero>
<CEP></CEP>
<PrecoVenda></PrecoVenda>
<PrecoLocacao></PrecoLocacao>
<PrecoCondominio></PrecoCondominio>
<QtdVagas></QtdVagas>
<AreaUtil></AreaUtil>
<QtdDormitorios></QtdDormitorios>
<Observacao><![CDATA[Próximo ao comércio,escolas e vias de acesso o complexo residencial Morada dos Parques oferece 3 condomínios fechados  de apartamentos com varanda (c/ guarda corpo de vidro) independentes com área de lazer ampla,equipada e decorada. Dividido em 3 fases, o Condomínio Parque dos Pássaros  (1° fase-pronto para morar) está com valor a partir de R$185.000,00 reais,sendo que, o Condomínio Parque das Flores (2° fase-pronto para morar) e o Condomínio Parque das Árvores  (3° fase-em construção) estão a partir de R$180.000,00 reais e condições especias. Oportunidade imperdível para você sair do aluguel e realizar seu sonho !!!

&nbsp;

&nbsp;]]></Observacao>
<Fotos><Foto><NomeArquivo>IMG_20180127_105259673-OK-22-1.jpg</NomeArquivo>
<URLArquivo>http://localhost/grazi/wp-content/uploads/2018/11/IMG_20180127_105259673-OK-22-1.jpg</URLArquivo>
</Foto>
<Foto><NomeArquivo>IMG_20180127_103147765-OK-10-1.jpg</NomeArquivo>
<URLArquivo>http://localhost/grazi/wp-content/uploads/2018/11/IMG_20180127_103147765-OK-10-1.jpg</URLArquivo>
</Foto>
<Foto><NomeArquivo>IMG_20180127_103116390-OK-9-1.jpg</NomeArquivo>
<URLArquivo>http://localhost/grazi/wp-content/uploads/2018/11/IMG_20180127_103116390-OK-9-1.jpg</URLArquivo>
</Foto>
<Foto><NomeArquivo>27332225_530010624037718_9008991052545457326_n-00000000000000-1.jpg</NomeArquivo>
<URLArquivo>http://localhost/grazi/wp-content/uploads/2018/11/27332225_530010624037718_9008991052545457326_n-00000000000000-1.jpg</URLArquivo>
</Foto>
<Foto><NomeArquivo>50da6f771fce32ed1c31de3455e38391-444-1.jpg</NomeArquivo>
<URLArquivo>http://localhost/grazi/wp-content/uploads/2018/11/50da6f771fce32ed1c31de3455e38391-444-1.jpg</URLArquivo>
</Foto>
<Foto><NomeArquivo>89052827fcf91682aa0e3a46750bf4ab-555-1.jpg</NomeArquivo>
<URLArquivo>http://localhost/grazi/wp-content/uploads/2018/11/89052827fcf91682aa0e3a46750bf4ab-555-1.jpg</URLArquivo>
</Foto>
<Foto><NomeArquivo>36880732_617596251945821_6989281739130535936_n-2222-1.jpg</NomeArquivo>
<URLArquivo>http://localhost/grazi/wp-content/uploads/2018/11/36880732_617596251945821_6989281739130535936_n-2222-1.jpg</URLArquivo>
</Foto>
<Foto><NomeArquivo>30127923_561471084225005_8456092948516306944_n-OK-7-1.jpg</NomeArquivo>
<URLArquivo>http://localhost/grazi/wp-content/uploads/2018/11/30127923_561471084225005_8456092948516306944_n-OK-7-1.jpg</URLArquivo>
</Foto>
<Foto><NomeArquivo>c974108000f4839718b7c4c60b4bafb3-3333-1.jpg</NomeArquivo>
<URLArquivo>http://localhost/grazi/wp-content/uploads/2018/11/c974108000f4839718b7c4c60b4bafb3-3333-1.jpg</URLArquivo>
</Foto>
<Foto><NomeArquivo>30127830_561471210891659_255462301124001792_n-8888-1.jpg</NomeArquivo>
<URLArquivo>http://localhost/grazi/wp-content/uploads/2018/11/30127830_561471210891659_255462301124001792_n-8888-1.jpg</URLArquivo>
</Foto>
<Foto><NomeArquivo>36828606_617597558612357_1018508686307360768_n-10101-1.jpg</NomeArquivo>
<URLArquivo>http://localhost/grazi/wp-content/uploads/2018/11/36828606_617597558612357_1018508686307360768_n-10101-1.jpg</URLArquivo>
</Foto>
<Foto><NomeArquivo>1fc7e81cbfe54175928e194903549f48-777-1.jpg</NomeArquivo>
<URLArquivo>http://localhost/grazi/wp-content/uploads/2018/11/1fc7e81cbfe54175928e194903549f48-777-1.jpg</URLArquivo>
</Foto>
<Foto><NomeArquivo>IMG_20180127_112113034_HDR-99999-1.jpg</NomeArquivo>
<URLArquivo>http://localhost/grazi/wp-content/uploads/2018/11/IMG_20180127_112113034_HDR-99999-1.jpg</URLArquivo>
</Foto>
<Foto><NomeArquivo>171626034784626-OKOK-11-1.jpg</NomeArquivo>
<URLArquivo>http://localhost/grazi/wp-content/uploads/2018/11/171626034784626-OKOK-11-1.jpg</URLArquivo>
</Foto>
</Fotos>
</Imovel>
<Imovel><CodigoCliente>Apartamento Vila Industrial</CodigoCliente>
<CodigoImovel>334</CodigoImovel>
<TipoImovel>Apartamento</TipoImovel>
<SubTipoImovel></SubTipoImovel>
<CategoriaImovel></CategoriaImovel>
<Cidade>Campinas</Cidade>
<Bairro></Bairro>
<Endereco></Endereco>
<Numero></Numero>
<CEP></CEP>
<PrecoVenda></PrecoVenda>
<PrecoLocacao></PrecoLocacao>
<PrecoCondominio></PrecoCondominio>
<QtdVagas></QtdVagas>
<AreaUtil></AreaUtil>
<QtdDormitorios></QtdDormitorios>
<Observacao><![CDATA[Apartamento impecável com piso porcelanato em todos os ambientes,pintura com textura. Localizado a poucos minutos da Rodovia Anhanguera e ao centro da cidade,com ampla área comercial entre as principais vias de acesso estão a Av. Amoreiras, Rod. Anhanguera, Av. Prestes Maia, Av. John Boyd Dunlop e Av. Sylvio Môro. Aceita permuta ou financiamento.

&nbsp;

&nbsp;]]></Observacao>
<Fotos><Foto><NomeArquivo>IMG_20190208_094745262-1-OKKKKK-1.jpg</NomeArquivo>
<URLArquivo>http://localhost/grazi/wp-content/uploads/2018/11/IMG_20190208_094745262-1-OKKKKK-1.jpg</URLArquivo>
</Foto>
<Foto><NomeArquivo>842822011623908-editado-2-15-1.jpg</NomeArquivo>
<URLArquivo>http://localhost/grazi/wp-content/uploads/2018/11/842822011623908-editado-2-15-1.jpg</URLArquivo>
</Foto>
<Foto><NomeArquivo>0830d111-6d67-43c0-88ae-da4f49ab8a3c-1.jpg-11-1.jpg</NomeArquivo>
<URLArquivo>http://localhost/grazi/wp-content/uploads/2018/11/0830d111-6d67-43c0-88ae-da4f49ab8a3c-1.jpg-11-1.jpg</URLArquivo>
</Foto>
<Foto><NomeArquivo>56bff356-2923-4505-8611-8fa274c5ad07-13-1.jpg</NomeArquivo>
<URLArquivo>http://localhost/grazi/wp-content/uploads/2018/11/56bff356-2923-4505-8611-8fa274c5ad07-13-1.jpg</URLArquivo>
</Foto>
<Foto><NomeArquivo>3a27e15a-aee3-42ae-95b1-775e35426c70-1222-1.jpg</NomeArquivo>
<URLArquivo>http://localhost/grazi/wp-content/uploads/2018/11/3a27e15a-aee3-42ae-95b1-775e35426c70-1222-1.jpg</URLArquivo>
</Foto>
<Foto><NomeArquivo>926dd8bb-dfa4-409f-b642-9631bfd196bb-1444-1.jpg</NomeArquivo>
<URLArquivo>http://localhost/grazi/wp-content/uploads/2018/11/926dd8bb-dfa4-409f-b642-9631bfd196bb-1444-1.jpg</URLArquivo>
</Foto>
</Fotos>
</Imovel>
<Imovel><CodigoCliente>Apartamento Jardim Icaraí Campinas</CodigoCliente>
<CodigoImovel>288</CodigoImovel>
<TipoImovel>Apartamento</TipoImovel>
<SubTipoImovel></SubTipoImovel>
<CategoriaImovel></CategoriaImovel>
<Cidade>Campinas</Cidade>
<Bairro></Bairro>
<Endereco></Endereco>
<Numero></Numero>
<CEP></CEP>
<PrecoVenda></PrecoVenda>
<PrecoLocacao></PrecoLocacao>
<PrecoCondominio></PrecoCondominio>
<QtdVagas></QtdVagas>
<AreaUtil></AreaUtil>
<QtdDormitorios></QtdDormitorios>
<Observacao><![CDATA[Próximo ao Campinas Shopping , The Royal Palm Plaza com fácil acesso às Rodovias Anhanguera e Santos Dumont e a  5 minutos do centro de Campinas o Supercittá oferece apartamentos com 2 dormitórios,1 vaga de garagem e diversão para toda a família com Churrasqueira,Campo de Futebol, Play Kids,Salão de Festa,Salão de Jogos,Praça de Entrada,Fitness Interno e Externo e muito mais !]]></Observacao>
<Fotos><Foto><NomeArquivo>08b738d1-2265-4196-92a0-1e49ee8fe593-PARAISO-3-OKOK-1.jpg</NomeArquivo>
<URLArquivo>http://localhost/grazi/wp-content/uploads/2018/11/08b738d1-2265-4196-92a0-1e49ee8fe593-PARAISO-3-OKOK-1.jpg</URLArquivo>
</Foto>
<Foto><NomeArquivo>5ae21c4d40143_galeria_imovel_04_sc04_fitness-55-1.jpg</NomeArquivo>
<URLArquivo>http://localhost/grazi/wp-content/uploads/2018/11/5ae21c4d40143_galeria_imovel_04_sc04_fitness-55-1.jpg</URLArquivo>
</Foto>
<Foto><NomeArquivo>36973616_618534438518669_536373962809016320_n-6-OKOK-1.jpg</NomeArquivo>
<URLArquivo>http://localhost/grazi/wp-content/uploads/2018/11/36973616_618534438518669_536373962809016320_n-6-OKOK-1.jpg</URLArquivo>
</Foto>
<Foto><NomeArquivo>cond_2_alegria_churrasqueira-PHOTO-1-1.jpg</NomeArquivo>
<URLArquivo>http://localhost/grazi/wp-content/uploads/2018/11/cond_2_alegria_churrasqueira-PHOTO-1-1.jpg</URLArquivo>
</Foto>
<Foto><NomeArquivo>cond_2_alegria_quadra_1-OKOKOK-8888-1.jpg</NomeArquivo>
<URLArquivo>http://localhost/grazi/wp-content/uploads/2018/11/cond_2_alegria_quadra_1-OKOKOK-8888-1.jpg</URLArquivo>
</Foto>
<Foto><NomeArquivo>46504036_1464925893610114_8200684862764482560_o-3332-1.jpg</NomeArquivo>
<URLArquivo>http://localhost/grazi/wp-content/uploads/2018/11/46504036_1464925893610114_8200684862764482560_o-3332-1.jpg</URLArquivo>
</Foto>
<Foto><NomeArquivo>46511429_1464925916943445_8825379321867665408_o-444-1-1.jpg</NomeArquivo>
<URLArquivo>http://localhost/grazi/wp-content/uploads/2018/11/46511429_1464925916943445_8825379321867665408_o-444-1-1.jpg</URLArquivo>
</Foto>
<Foto><NomeArquivo>46684439_1464926176943419_230374280456568832_n-7-1.jpg</NomeArquivo>
<URLArquivo>http://localhost/grazi/wp-content/uploads/2018/11/46684439_1464926176943419_230374280456568832_n-7-1.jpg</URLArquivo>
</Foto>
<Foto><NomeArquivo>46723133_1464925973610106_4388074962842288128_o-555-1.jpg</NomeArquivo>
<URLArquivo>http://localhost/grazi/wp-content/uploads/2018/11/46723133_1464925973610106_4388074962842288128_o-555-1.jpg</URLArquivo>
</Foto>
<Foto><NomeArquivo>46769588_1464925946943442_2551740499773882368_o-666-1.jpg</NomeArquivo>
<URLArquivo>http://localhost/grazi/wp-content/uploads/2018/11/46769588_1464925946943442_2551740499773882368_o-666-1.jpg</URLArquivo>
</Foto>
</Fotos>
</Imovel>
<Imovel><CodigoCliente>Apartamento São Gabriel Campinas</CodigoCliente>
<CodigoImovel>268</CodigoImovel>
<TipoImovel>Apartamento</TipoImovel>
<SubTipoImovel></SubTipoImovel>
<CategoriaImovel></CategoriaImovel>
<Cidade>Campinas</Cidade>
<Bairro></Bairro>
<Endereco></Endereco>
<Numero></Numero>
<CEP></CEP>
<PrecoVenda></PrecoVenda>
<PrecoLocacao></PrecoLocacao>
<PrecoCondominio></PrecoCondominio>
<QtdVagas></QtdVagas>
<AreaUtil></AreaUtil>
<QtdDormitorios></QtdDormitorios>
<Observacao><![CDATA[O Reserva Family oferece área de lazer com Quadra, Salão de Festas, Churrasqueira, Playkids, Playbaby, Fitness Externo, Praça e Estar com Pergolado. Torres com elevador, cercado por área verde em uma localização privilegiada de Campinas, com fácil acesso aos principais pontos da cidade ,conveniência e tranquilidade.]]></Observacao>
<Fotos><Foto><NomeArquivo>IMG-20180426-WA0034-OKOKOK-1-1.jpg</NomeArquivo>
<URLArquivo>http://localhost/grazi/wp-content/uploads/2018/11/IMG-20180426-WA0034-OKOKOK-1-1.jpg</URLArquivo>
</Foto>
<Foto><NomeArquivo>IMG-20180426-WA0035-OKOKOK-2-1.jpg</NomeArquivo>
<URLArquivo>http://localhost/grazi/wp-content/uploads/2018/11/IMG-20180426-WA0035-OKOKOK-2-1.jpg</URLArquivo>
</Foto>
<Foto><NomeArquivo>IMG-20180426-WA0032-OKOKOK-3-1.jpg</NomeArquivo>
<URLArquivo>http://localhost/grazi/wp-content/uploads/2018/11/IMG-20180426-WA0032-OKOKOK-3-1.jpg</URLArquivo>
</Foto>
<Foto><NomeArquivo>IMG-20180426-WA0031-OKOKOK-4-2.jpg</NomeArquivo>
<URLArquivo>http://localhost/grazi/wp-content/uploads/2018/11/IMG-20180426-WA0031-OKOKOK-4-2.jpg</URLArquivo>
</Foto>
<Foto><NomeArquivo>IMG-20180426-WA0031-OKOKOK-4-1-1.jpg</NomeArquivo>
<URLArquivo>http://localhost/grazi/wp-content/uploads/2018/11/IMG-20180426-WA0031-OKOKOK-4-1-1.jpg</URLArquivo>
</Foto>
<Foto><NomeArquivo>IMG-20180426-WA0029-OKOKOK-5-1.jpg</NomeArquivo>
<URLArquivo>http://localhost/grazi/wp-content/uploads/2018/11/IMG-20180426-WA0029-OKOKOK-5-1.jpg</URLArquivo>
</Foto>
<Foto><NomeArquivo>IMG-20180426-WA0033-OKOKOK-6-1.jpg</NomeArquivo>
<URLArquivo>http://localhost/grazi/wp-content/uploads/2018/11/IMG-20180426-WA0033-OKOKOK-6-1.jpg</URLArquivo>
</Foto>
<Foto><NomeArquivo>0121d316-258d-4bd4-addb-f4366d5dc949-okokok-8-1.jpg</NomeArquivo>
<URLArquivo>http://localhost/grazi/wp-content/uploads/2018/11/0121d316-258d-4bd4-addb-f4366d5dc949-okokok-8-1.jpg</URLArquivo>
</Foto>
</Fotos>
</Imovel>
<Imovel><CodigoCliente>Apartamento São Bernardo Campinas</CodigoCliente>
<CodigoImovel>231</CodigoImovel>
<TipoImovel>Apartamento</TipoImovel>
<SubTipoImovel></SubTipoImovel>
<CategoriaImovel></CategoriaImovel>
<Cidade>Campinas</Cidade>
<Bairro></Bairro>
<Endereco></Endereco>
<Numero></Numero>
<CEP></CEP>
<PrecoVenda></PrecoVenda>
<PrecoLocacao></PrecoLocacao>
<PrecoCondominio></PrecoCondominio>
<QtdVagas></QtdVagas>
<AreaUtil></AreaUtil>
<QtdDormitorios></QtdDormitorios>
<Observacao><![CDATA[O Up Living tem apartamentos de 2 e 3 dormitórios de 55 e 72 m² ,construção convencional, lavanderia própria dentro do condomínio, persianas de enrolar, ponto de ar-condicionado, todos os apartamentos com suíte, piscina com Borda infinita, maior varanda gourmet da região com cozinha. Localizado no início da Avenida das Amoreiras, um dos principais eixos viários de Campinas  fácil acesso a toda a cidade.]]></Observacao>
<Fotos><Foto><NomeArquivo>Fibra_UpLiving_1-Graziele-Silva-1.png</NomeArquivo>
<URLArquivo>http://localhost/grazi/wp-content/uploads/2018/10/Fibra_UpLiving_1-Graziele-Silva-1.png</URLArquivo>
</Foto>
<Foto><NomeArquivo>lazer6-Graziele-Silva-1.png</NomeArquivo>
<URLArquivo>http://localhost/grazi/wp-content/uploads/2018/10/lazer6-Graziele-Silva-1.png</URLArquivo>
</Foto>
<Foto><NomeArquivo>EDITADA-01-1.jpg</NomeArquivo>
<URLArquivo>http://localhost/grazi/wp-content/uploads/2018/10/EDITADA-01-1.jpg</URLArquivo>
</Foto>
<Foto><NomeArquivo>EDITADA-02-1.jpg</NomeArquivo>
<URLArquivo>http://localhost/grazi/wp-content/uploads/2018/10/EDITADA-02-1.jpg</URLArquivo>
</Foto>
<Foto><NomeArquivo>EDITADA-03-1.jpg</NomeArquivo>
<URLArquivo>http://localhost/grazi/wp-content/uploads/2018/10/EDITADA-03-1.jpg</URLArquivo>
</Foto>
<Foto><NomeArquivo>EDITADA-07-1.jpg</NomeArquivo>
<URLArquivo>http://localhost/grazi/wp-content/uploads/2018/10/EDITADA-07-1.jpg</URLArquivo>
</Foto>
<Foto><NomeArquivo>EDITADA-05-1.jpg</NomeArquivo>
<URLArquivo>http://localhost/grazi/wp-content/uploads/2018/10/EDITADA-05-1.jpg</URLArquivo>
</Foto>
<Foto><NomeArquivo>EDITADA-04-1.jpg</NomeArquivo>
<URLArquivo>http://localhost/grazi/wp-content/uploads/2018/10/EDITADA-04-1.jpg</URLArquivo>
</Foto>
</Fotos>
</Imovel>
<Imovel><CodigoCliente>Apartamento Guanabara Campinas</CodigoCliente>
<CodigoImovel>218</CodigoImovel>
<TipoImovel>Apartamento</TipoImovel>
<SubTipoImovel></SubTipoImovel>
<CategoriaImovel></CategoriaImovel>
<Cidade>Campinas</Cidade>
<Bairro></Bairro>
<Endereco></Endereco>
<Numero></Numero>
<CEP></CEP>
<PrecoVenda></PrecoVenda>
<PrecoLocacao></PrecoLocacao>
<PrecoCondominio></PrecoCondominio>
<QtdVagas></QtdVagas>
<AreaUtil></AreaUtil>
<QtdDormitorios></QtdDormitorios>
<Observacao><![CDATA[Ampla área de lazer com Piscinas adulto e infantil, Alameda de Acesso, Fitness, Jogos Gourmet Playground, Churrasqueira, Salão de Festas, Bicicletário, Praça de Chegada Quadra Gramada, Pet Place, Brinquedoteca, Quadra de Areia. Infraestrutura para ar-condicionado nos apartamentos, Terraço Gourmet com Churrasqueira. Privilegiado pela localização, o bairro Guanabara é o novo ponto de encontro entre a tranquilidade e a praticidade. Aqui, você faz tudo a pé: mercados, escolas, farmácias e padarias estão a poucos passos de distância.Ainda o bairro dispõe de fácil acesso a outros bairros !]]></Observacao>
<Fotos><Foto><NomeArquivo>04-Fachada-panoramica_LT-01-e-LT02-Graziele-Silva-1.png</NomeArquivo>
<URLArquivo>http://localhost/grazi/wp-content/uploads/2018/10/04-Fachada-panoramica_LT-01-e-LT02-Graziele-Silva-1.png</URLArquivo>
</Foto>
<Foto><NomeArquivo>05-Piscina-Adulto_LT01-Graziele-Silva-1.png</NomeArquivo>
<URLArquivo>http://localhost/grazi/wp-content/uploads/2018/10/05-Piscina-Adulto_LT01-Graziele-Silva-1.png</URLArquivo>
</Foto>
<Foto><NomeArquivo>08-Churrasqueira_LT01-Graziele-Silva-1.png</NomeArquivo>
<URLArquivo>http://localhost/grazi/wp-content/uploads/2018/10/08-Churrasqueira_LT01-Graziele-Silva-1.png</URLArquivo>
</Foto>
<Foto><NomeArquivo>09-Quadra-Gramada_LT01-Graziele-Silva-1.png</NomeArquivo>
<URLArquivo>http://localhost/grazi/wp-content/uploads/2018/10/09-Quadra-Gramada_LT01-Graziele-Silva-1.png</URLArquivo>
</Foto>
<Foto><NomeArquivo>10-Pet-Place_LT01-Graziele-Silva-1.png</NomeArquivo>
<URLArquivo>http://localhost/grazi/wp-content/uploads/2018/10/10-Pet-Place_LT01-Graziele-Silva-1.png</URLArquivo>
</Foto>
<Foto><NomeArquivo>11-Alameda-de-Acesso_LT01-Graziele-Silva-1.png</NomeArquivo>
<URLArquivo>http://localhost/grazi/wp-content/uploads/2018/10/11-Alameda-de-Acesso_LT01-Graziele-Silva-1.png</URLArquivo>
</Foto>
<Foto><NomeArquivo>15-Fitness_LT01-Graziele-Silva-1.png</NomeArquivo>
<URLArquivo>http://localhost/grazi/wp-content/uploads/2018/10/15-Fitness_LT01-Graziele-Silva-1.png</URLArquivo>
</Foto>
<Foto><NomeArquivo>16-Bicicletário_LT01-Graziele-Silva-1.png</NomeArquivo>
<URLArquivo>http://localhost/grazi/wp-content/uploads/2018/10/16-Bicicletário_LT01-Graziele-Silva-1.png</URLArquivo>
</Foto>
<Foto><NomeArquivo>IMG_20180612_143540373_HDR-Graziele-Silva-1.png</NomeArquivo>
<URLArquivo>http://localhost/grazi/wp-content/uploads/2018/10/IMG_20180612_143540373_HDR-Graziele-Silva-1.png</URLArquivo>
</Foto>
</Fotos>
</Imovel>
<Imovel><CodigoCliente>Apartamento Jardim do Lago Campinas</CodigoCliente>
<CodigoImovel>208</CodigoImovel>
<TipoImovel>Apartamento</TipoImovel>
<SubTipoImovel></SubTipoImovel>
<CategoriaImovel></CategoriaImovel>
<Cidade>Campinas</Cidade>
<Bairro></Bairro>
<Endereco></Endereco>
<Numero></Numero>
<CEP></CEP>
<PrecoVenda></PrecoVenda>
<PrecoLocacao></PrecoLocacao>
<PrecoCondominio></PrecoCondominio>
<QtdVagas></QtdVagas>
<AreaUtil></AreaUtil>
<QtdDormitorios></QtdDormitorios>
<Observacao><![CDATA[Apartamentos com 2 dorms. de 50 m² e Apartamentos Garden com 2 dorms. de 75m² com Chuveiro a Gás, Varanda Grill e infraestrutura para 3 ar condicionado.Ao lado do Campinas Shopping, a menos de 10 minutos do centro, proximidade de academias, supermercados, restaurantes, padarias, escolas infantis, escola em frente ao condomínio, praça externa em frente ao residencial com mais de 700 árvores.]]></Observacao>
<Fotos><Foto><NomeArquivo>campo-1.png</NomeArquivo>
<URLArquivo>http://localhost/grazi/wp-content/uploads/2018/10/campo-1.png</URLArquivo>
</Foto>
<Foto><NomeArquivo>churraaaa-1.png</NomeArquivo>
<URLArquivo>http://localhost/grazi/wp-content/uploads/2018/10/churraaaa-1.png</URLArquivo>
</Foto>
<Foto><NomeArquivo>frent-1.png</NomeArquivo>
<URLArquivo>http://localhost/grazi/wp-content/uploads/2018/10/frent-1.png</URLArquivo>
</Foto>
<Foto><NomeArquivo>26904017_391437471303870_8084435873641149115_n-1.jpg-EDITADO-1-1.jpg</NomeArquivo>
<URLArquivo>http://localhost/grazi/wp-content/uploads/2018/10/26904017_391437471303870_8084435873641149115_n-1.jpg-EDITADO-1-1.jpg</URLArquivo>
</Foto>
<Foto><NomeArquivo>26904539_391437537970530_9198670007352210400_n-EDITADO-2-1.jpg</NomeArquivo>
<URLArquivo>http://localhost/grazi/wp-content/uploads/2018/10/26904539_391437537970530_9198670007352210400_n-EDITADO-2-1.jpg</URLArquivo>
</Foto>
<Foto><NomeArquivo>26805344_391437447970539_5370987560216254547_n-EDITADO-4-1.jpg</NomeArquivo>
<URLArquivo>http://localhost/grazi/wp-content/uploads/2018/10/26805344_391437447970539_5370987560216254547_n-EDITADO-4-1.jpg</URLArquivo>
</Foto>
<Foto><NomeArquivo>26907277_391437444637206_2493526797638260444_n-EDITADO-5-1.jpg</NomeArquivo>
<URLArquivo>http://localhost/grazi/wp-content/uploads/2018/10/26907277_391437444637206_2493526797638260444_n-EDITADO-5-1.jpg</URLArquivo>
</Foto>
<Foto><NomeArquivo>26908090_391437441303873_2542447086913815674_n-EDITADO-6-1.jpg</NomeArquivo>
<URLArquivo>http://localhost/grazi/wp-content/uploads/2018/10/26908090_391437441303873_2542447086913815674_n-EDITADO-6-1.jpg</URLArquivo>
</Foto>
<Foto><NomeArquivo>7a4719ba-c2e3-4c6f-a2e4-f73473dd89d2-EDITADO-9-1.jpg</NomeArquivo>
<URLArquivo>http://localhost/grazi/wp-content/uploads/2018/10/7a4719ba-c2e3-4c6f-a2e4-f73473dd89d2-EDITADO-9-1.jpg</URLArquivo>
</Foto>
</Fotos>
</Imovel>
<Imovel><CodigoCliente>Apartamento Parque da Fazenda</CodigoCliente>
<CodigoImovel>198</CodigoImovel>
<TipoImovel>Apartamento</TipoImovel>
<SubTipoImovel></SubTipoImovel>
<CategoriaImovel></CategoriaImovel>
<Cidade>Campinas</Cidade>
<Bairro></Bairro>
<Endereco></Endereco>
<Numero></Numero>
<CEP></CEP>
<PrecoVenda></PrecoVenda>
<PrecoLocacao></PrecoLocacao>
<PrecoCondominio></PrecoCondominio>
<QtdVagas></QtdVagas>
<AreaUtil></AreaUtil>
<QtdDormitorios></QtdDormitorios>
<Observacao><![CDATA[Já imaginou poder ter um Shopping pertinho de casa para passear se divertir e fazer compras? Ter a a tranquilidade de poder viver cercado de verde com um bosque privativo e usufruir de um incrível lazer completo com atividades para toda a família? Um condomínio completo em uma região com alto potencial de valorização! (Aptos 2 dorms s/suíte - 51,29m²,Aptos 3 dorms c/ suíte - 62,36m²)]]></Observacao>
<Fotos><Foto><NomeArquivo>area-1-1.png</NomeArquivo>
<URLArquivo>http://localhost/grazi/wp-content/uploads/2018/10/area-1-1.png</URLArquivo>
</Foto>
<Foto><NomeArquivo>corredor-1.png</NomeArquivo>
<URLArquivo>http://localhost/grazi/wp-content/uploads/2018/10/corredor-1.png</URLArquivo>
</Foto>
<Foto><NomeArquivo>frente-1.png</NomeArquivo>
<URLArquivo>http://localhost/grazi/wp-content/uploads/2018/10/frente-1.png</URLArquivo>
</Foto>
<Foto><NomeArquivo>piscina-3-1.png</NomeArquivo>
<URLArquivo>http://localhost/grazi/wp-content/uploads/2018/10/piscina-3-1.png</URLArquivo>
</Foto>
<Foto><NomeArquivo>predio-1.png</NomeArquivo>
<URLArquivo>http://localhost/grazi/wp-content/uploads/2018/10/predio-1.png</URLArquivo>
</Foto>
<Foto><NomeArquivo>quadra-1-1.png</NomeArquivo>
<URLArquivo>http://localhost/grazi/wp-content/uploads/2018/10/quadra-1-1.png</URLArquivo>
</Foto>
<Foto><NomeArquivo>salao-de-jogos-1.png</NomeArquivo>
<URLArquivo>http://localhost/grazi/wp-content/uploads/2018/10/salao-de-jogos-1.png</URLArquivo>
</Foto>
</Fotos>
</Imovel>
<Imovel><CodigoCliente>Casas Alto Padrão Valinhos</CodigoCliente>
<CodigoImovel>186</CodigoImovel>
<TipoImovel>Casa</TipoImovel>
<SubTipoImovel></SubTipoImovel>
<CategoriaImovel></CategoriaImovel>
<Cidade>Valinhos</Cidade>
<Bairro></Bairro>
<Endereco></Endereco>
<Numero></Numero>
<CEP></CEP>
<PrecoVenda></PrecoVenda>
<PrecoLocacao></PrecoLocacao>
<PrecoCondominio></PrecoCondominio>
<QtdVagas></QtdVagas>
<AreaUtil></AreaUtil>
<QtdDormitorios></QtdDormitorios>
<Observacao><![CDATA[Venha morar com a segurança e o conforto de um condomínio fechado e a tranquilidade bucólica de uma vila.

E quem tem visando de mercado sabe que imóvel é moeda forte, que não desvaloriza nunca.

E o Villa Dorata é a melhor opção em investimento, com rentabilidade e retorno garantidos, afinal, um empreendimento com essa qualidade e exclusividade você não vê por ai.

Sem falar na localização que é de tirar o fôlego, com uma vista privilegiada, cercada de ar puro, muito verde e a satisfação de se morar no melhor lugar da cidade. Vai ser paixão à primeira vista.

Vai ser paixão à primeira vista. Agende sua visita e venha se surpreender com essa exclusividade.]]></Observacao>
<Fotos><Foto><NomeArquivo>casa-em-condominio-fechado-villa-dorata-EDITADO-1.jpg</NomeArquivo>
<URLArquivo>http://localhost/grazi/wp-content/uploads/2018/10/casa-em-condominio-fechado-villa-dorata-EDITADO-1.jpg</URLArquivo>
</Foto>
<Foto><NomeArquivo>villa-dorata-residencial-valinhos-1.jpg</NomeArquivo>
<URLArquivo>http://localhost/grazi/wp-content/uploads/2018/10/villa-dorata-residencial-valinhos-1.jpg</URLArquivo>
</Foto>
<Foto><NomeArquivo>financiar-casa-villa-dorata-1.jpg</NomeArquivo>
<URLArquivo>http://localhost/grazi/wp-content/uploads/2018/10/financiar-casa-villa-dorata-1.jpg</URLArquivo>
</Foto>
<Foto><NomeArquivo>comprar-casa-villa-dorata-EDITADO-1.jpg</NomeArquivo>
<URLArquivo>http://localhost/grazi/wp-content/uploads/2018/10/comprar-casa-villa-dorata-EDITADO-1.jpg</URLArquivo>
</Foto>
<Foto><NomeArquivo>casa-e-condominio-em-valinhos-1.jpeg</NomeArquivo>
<URLArquivo>http://localhost/grazi/wp-content/uploads/2018/10/casa-e-condominio-em-valinhos-1.jpeg</URLArquivo>
</Foto>
<Foto><NomeArquivo>villa-dorata-campinas-EDITADO-1.jpg</NomeArquivo>
<URLArquivo>http://localhost/grazi/wp-content/uploads/2018/10/villa-dorata-campinas-EDITADO-1.jpg</URLArquivo>
</Foto>
<Foto><NomeArquivo>condominio-bom-para-morar-EDITADO-1.jpg</NomeArquivo>
<URLArquivo>http://localhost/grazi/wp-content/uploads/2018/10/condominio-bom-para-morar-EDITADO-1.jpg</URLArquivo>
</Foto>
<Foto><NomeArquivo>villa-dorata-localizacao_2-EDITADO-1.jpg</NomeArquivo>
<URLArquivo>http://localhost/grazi/wp-content/uploads/2018/10/villa-dorata-localizacao_2-EDITADO-1.jpg</URLArquivo>
</Foto>
</Fotos>
</Imovel>
<Imovel><CodigoCliente>Apartamento Jardim Novo Horizonte - Valinhos</CodigoCliente>
<CodigoImovel>175</CodigoImovel>
<TipoImovel>Apartamento</TipoImovel>
<SubTipoImovel></SubTipoImovel>
<CategoriaImovel></CategoriaImovel>
<Cidade>Valinhos</Cidade>
<Bairro></Bairro>
<Endereco></Endereco>
<Numero></Numero>
<CEP></CEP>
<PrecoVenda></PrecoVenda>
<PrecoLocacao></PrecoLocacao>
<PrecoCondominio></PrecoCondominio>
<QtdVagas></QtdVagas>
<AreaUtil></AreaUtil>
<QtdDormitorios></QtdDormitorios>
<Observacao><![CDATA[Apartamentos de 55,40 m² c/Suíte e Apartamentos de 48,46 m² s/ Suíte, todos com varanda e 1 vaga de garagem.Viva perto de tudo de que sua família precisa:Shopping, clube, faculdade, hospital e com fácil acesso às principais vias da cidade. O Condomínio estará próximo ao Hospital Santa Casa e possuí fácil acesso ao Hospital e Maternidade Galileo, ficando a poucos minutos da Rodovia Magalhães Teixeira e ao centro da cidade. Região com grande potencial de crescimento e valorização em Valinhos !]]></Observacao>
<Fotos><Foto><NomeArquivo>entrada2-1.png</NomeArquivo>
<URLArquivo>http://localhost/grazi/wp-content/uploads/2018/10/entrada2-1.png</URLArquivo>
</Foto>
<Foto><NomeArquivo>entrada-1-1.png</NomeArquivo>
<URLArquivo>http://localhost/grazi/wp-content/uploads/2018/10/entrada-1-1.png</URLArquivo>
</Foto>
<Foto><NomeArquivo>churraqueria-1.png</NomeArquivo>
<URLArquivo>http://localhost/grazi/wp-content/uploads/2018/10/churraqueria-1.png</URLArquivo>
</Foto>
<Foto><NomeArquivo>area-2.png</NomeArquivo>
<URLArquivo>http://localhost/grazi/wp-content/uploads/2018/10/area-2.png</URLArquivo>
</Foto>
<Foto><NomeArquivo>salao-1.png</NomeArquivo>
<URLArquivo>http://localhost/grazi/wp-content/uploads/2018/10/salao-1.png</URLArquivo>
</Foto>
<Foto><NomeArquivo>piscina-1-1.png</NomeArquivo>
<URLArquivo>http://localhost/grazi/wp-content/uploads/2018/10/piscina-1-1.png</URLArquivo>
</Foto>
<Foto><NomeArquivo>ESPACOOO-1.png</NomeArquivo>
<URLArquivo>http://localhost/grazi/wp-content/uploads/2018/10/ESPACOOO-1.png</URLArquivo>
</Foto>
<Foto><NomeArquivo>KIDS-1.png</NomeArquivo>
<URLArquivo>http://localhost/grazi/wp-content/uploads/2018/10/KIDS-1.png</URLArquivo>
</Foto>
</Fotos>
</Imovel>
<Imovel><CodigoCliente>Apartamento Vinhedo</CodigoCliente>
<CodigoImovel>167</CodigoImovel>
<TipoImovel>Apartamento</TipoImovel>
<SubTipoImovel></SubTipoImovel>
<CategoriaImovel></CategoriaImovel>
<Cidade>Vinhedo</Cidade>
<Bairro></Bairro>
<Endereco></Endereco>
<Numero></Numero>
<CEP></CEP>
<PrecoVenda></PrecoVenda>
<PrecoLocacao></PrecoLocacao>
<PrecoCondominio></PrecoCondominio>
<QtdVagas></QtdVagas>
<AreaUtil></AreaUtil>
<QtdDormitorios></QtdDormitorios>
<Observacao><![CDATA[A localização perfeita para uma vida com praticidade, perto de tudo para seu dia a dia. Entre as cidades de Valinhos e Vinhedo.

Apenas 6 torres com térreo mais 3 andares, opções de duas plantas uma com 47m² e outra de 50m², com varanda e todas as torres com elevador.

Lazer completo para você e sua família.

Faça sua inscrição e garanta já o seu.]]></Observacao>
<Fotos><Foto><NomeArquivo>download-EDITADO-1.jpg</NomeArquivo>
<URLArquivo>http://localhost/grazi/wp-content/uploads/2018/10/download-EDITADO-1.jpg</URLArquivo>
</Foto>
<Foto><NomeArquivo>images-EDITADO-1.jpg</NomeArquivo>
<URLArquivo>http://localhost/grazi/wp-content/uploads/2018/10/images-EDITADO-1.jpg</URLArquivo>
</Foto>
<Foto><NomeArquivo>images-2-EDITADO-1.jpg</NomeArquivo>
<URLArquivo>http://localhost/grazi/wp-content/uploads/2018/10/images-2-EDITADO-1.jpg</URLArquivo>
</Foto>
<Foto><NomeArquivo>images-1-EDITADO-1.jpg</NomeArquivo>
<URLArquivo>http://localhost/grazi/wp-content/uploads/2018/10/images-1-EDITADO-1.jpg</URLArquivo>
</Foto>
</Fotos>
</Imovel>
<Imovel><CodigoCliente>Apartamento Jardim São Gabriel Campinas</CodigoCliente>
<CodigoImovel>150</CodigoImovel>
<TipoImovel>Apartamento</TipoImovel>
<SubTipoImovel></SubTipoImovel>
<CategoriaImovel></CategoriaImovel>
<Cidade>Campinas</Cidade>
<Bairro></Bairro>
<Endereco></Endereco>
<Numero></Numero>
<CEP></CEP>
<PrecoVenda></PrecoVenda>
<PrecoLocacao></PrecoLocacao>
<PrecoCondominio></PrecoCondominio>
<QtdVagas></QtdVagas>
<AreaUtil></AreaUtil>
<QtdDormitorios></QtdDormitorios>
<Observacao><![CDATA[O Parque Canto dos Bem Te Vis oferece 2 opções de planta Giardino, área de lazer com Salão de Festas, Espaço Gourmet, Espaço Kids, Bicicletário, Fitness Coberto,além de conforto, tranquilidade e segurança para você e sua família. Localizado próximo ao Hipermercado Extra Abolição,Carrefour, UNIP SWIFT ,completa infraestrutura comercial e a 5 minutos dos centros das cidades de Campinas e Valinhos.]]></Observacao>
<Fotos><Foto><NomeArquivo>churrasqeuria-1.png</NomeArquivo>
<URLArquivo>http://localhost/grazi/wp-content/uploads/2018/10/churrasqeuria-1.png</URLArquivo>
</Foto>
<Foto><NomeArquivo>entrada-2.png</NomeArquivo>
<URLArquivo>http://localhost/grazi/wp-content/uploads/2018/10/entrada-2.png</URLArquivo>
</Foto>
<Foto><NomeArquivo>espaco-kids2-1.png</NomeArquivo>
<URLArquivo>http://localhost/grazi/wp-content/uploads/2018/10/espaco-kids2-1.png</URLArquivo>
</Foto>
<Foto><NomeArquivo>ginastica-2.png</NomeArquivo>
<URLArquivo>http://localhost/grazi/wp-content/uploads/2018/10/ginastica-2.png</URLArquivo>
</Foto>
<Foto><NomeArquivo>planta-2.png</NomeArquivo>
<URLArquivo>http://localhost/grazi/wp-content/uploads/2018/10/planta-2.png</URLArquivo>
</Foto>
<Foto><NomeArquivo>sala-2.png</NomeArquivo>
<URLArquivo>http://localhost/grazi/wp-content/uploads/2018/10/sala-2.png</URLArquivo>
</Foto>
<Foto><NomeArquivo>jjRHP_PARQUECANTODOSBEMTEVIS_PHE2808F_APTO103BLOCO01_V03-Graziele-Silva-1.jpg</NomeArquivo>
<URLArquivo>http://localhost/grazi/wp-content/uploads/2018/10/jjRHP_PARQUECANTODOSBEMTEVIS_PHE2808F_APTO103BLOCO01_V03-Graziele-Silva-1.jpg</URLArquivo>
</Foto>
<Foto><NomeArquivo>d99f2f96-f336-4cd5-ba38-12fa00c5b5fc-1.jpg-NOVEMBRO-1.jpg</NomeArquivo>
<URLArquivo>http://localhost/grazi/wp-content/uploads/2018/10/d99f2f96-f336-4cd5-ba38-12fa00c5b5fc-1.jpg-NOVEMBRO-1.jpg</URLArquivo>
</Foto>
</Fotos>
</Imovel>
<Imovel><CodigoCliente>Apartamento Parque Industrial</CodigoCliente>
<CodigoImovel>148</CodigoImovel>
<TipoImovel>Apartamento</TipoImovel>
<SubTipoImovel></SubTipoImovel>
<CategoriaImovel></CategoriaImovel>
<Cidade>Campinas</Cidade>
<Bairro></Bairro>
<Endereco></Endereco>
<Numero></Numero>
<CEP></CEP>
<PrecoVenda></PrecoVenda>
<PrecoLocacao></PrecoLocacao>
<PrecoCondominio></PrecoCondominio>
<QtdVagas></QtdVagas>
<AreaUtil></AreaUtil>
<QtdDormitorios></QtdDormitorios>
<Observacao><![CDATA[O Villa Garden oferece lazer completo com Bicicletário,Quadra Poliesportiva Coberta,Piscina adulto e infantil aquecida e muito mais! Próximo a Praça de Esportes São Bernardo, Hospital do Amor, Colégio Anglo Center Ville, Supermercado 5 Estrelas, SERTEC - São Bernardo, Escola Vitor Meirelles,a 5 minutos do centro de Campinas e a 10 minutos do Unimart Shopping Campinas e do Atacadão.Vias de acesso: Av. Amoreiras, Rod. Anhanguera, Av. Prestes Maia, Av. John Boyd Dunlop e Av. Sylvio Môro.]]></Observacao>
<Fotos><Foto><NomeArquivo>externo-1.png</NomeArquivo>
<URLArquivo>http://localhost/grazi/wp-content/uploads/2018/10/externo-1.png</URLArquivo>
</Foto>
<Foto><NomeArquivo>sala-de-jogos-1.png</NomeArquivo>
<URLArquivo>http://localhost/grazi/wp-content/uploads/2018/10/sala-de-jogos-1.png</URLArquivo>
</Foto>
<Foto><NomeArquivo>quadra-2.png</NomeArquivo>
<URLArquivo>http://localhost/grazi/wp-content/uploads/2018/10/quadra-2.png</URLArquivo>
</Foto>
<Foto><NomeArquivo>piscina-4.png</NomeArquivo>
<URLArquivo>http://localhost/grazi/wp-content/uploads/2018/10/piscina-4.png</URLArquivo>
</Foto>
<Foto><NomeArquivo>espaco-kids-1.png</NomeArquivo>
<URLArquivo>http://localhost/grazi/wp-content/uploads/2018/10/espaco-kids-1.png</URLArquivo>
</Foto>
<Foto><NomeArquivo>area-de-churaasco-1.png</NomeArquivo>
<URLArquivo>http://localhost/grazi/wp-content/uploads/2018/10/area-de-churaasco-1.png</URLArquivo>
</Foto>
<Foto><NomeArquivo>playground-1.png</NomeArquivo>
<URLArquivo>http://localhost/grazi/wp-content/uploads/2018/10/playground-1.png</URLArquivo>
</Foto>
<Foto><NomeArquivo>d3399162-0eba-4eff-942d-d366efbda4e4-1.jpg-EDITADO-OKKK-1.jpg</NomeArquivo>
<URLArquivo>http://localhost/grazi/wp-content/uploads/2018/10/d3399162-0eba-4eff-942d-d366efbda4e4-1.jpg-EDITADO-OKKK-1.jpg</URLArquivo>
</Foto>
<Foto><NomeArquivo>d67fdec0-6547-40c4-b6b7-c847ba0587ed-EDITADO-OKOKOK-2-1.jpg</NomeArquivo>
<URLArquivo>http://localhost/grazi/wp-content/uploads/2018/10/d67fdec0-6547-40c4-b6b7-c847ba0587ed-EDITADO-OKOKOK-2-1.jpg</URLArquivo>
</Foto>
<Foto><NomeArquivo>9348cfdd-c2a9-45fb-956b-8bf3cd3667d7-OKOKOK-3-1.jpg</NomeArquivo>
<URLArquivo>http://localhost/grazi/wp-content/uploads/2018/10/9348cfdd-c2a9-45fb-956b-8bf3cd3667d7-OKOKOK-3-1.jpg</URLArquivo>
</Foto>
<Foto><NomeArquivo>44689999_1903005449746855_2838825562766573568_o-111111.jpg</NomeArquivo>
<URLArquivo>http://localhost/grazi/wp-content/uploads/2018/10/44689999_1903005449746855_2838825562766573568_o-111111.jpg</URLArquivo>
</Foto>
</Fotos>
</Imovel>
<Imovel><CodigoCliente>Apartamento Barão Geraldo</CodigoCliente>
<CodigoImovel>31</CodigoImovel>
<TipoImovel>Apartamento</TipoImovel>
<SubTipoImovel></SubTipoImovel>
<CategoriaImovel></CategoriaImovel>
<Cidade>Campinas</Cidade>
<Bairro></Bairro>
<Endereco></Endereco>
<Numero></Numero>
<CEP></CEP>
<PrecoVenda></PrecoVenda>
<PrecoLocacao></PrecoLocacao>
<PrecoCondominio></PrecoCondominio>
<QtdVagas></QtdVagas>
<AreaUtil></AreaUtil>
<QtdDormitorios></QtdDormitorios>
<Observacao><![CDATA[Sed sit amet turpis et urna pellentesque dapibus nec ac elit. Nunc malesuada at odio vel eleifend. Donec blandit porta nibh, id condimentum metus varius et. Nam eget nulla et augue elementum imperdiet et at sem. Vestibulum in augue id neque commodo cursus. Nunc eu eros risus. Nam porta ultrices ante et elementum. In sit amet efficitur tellus. Quisque sed viverra turpis. Maecenas congue nisi libero, sed venenatis libero volutpat vitae. Integer dolor leo, rutrum ut semper id, dignissim eu urna. Phasellus iaculis aliquet quam. Vestibulum faucibus lectus sapien, id egestas nisi fermentum sed.

Donec nec justo elit. Quisque nec iaculis eros. Nam nunc ex, tristique vitae lacinia et, egestas vitae ipsum. Integer ut dapibus erat, sed tristique nibh. Nam vehicula ut nisi id tincidunt. Fusce blandit eleifend tempus. Proin volutpat ullamcorper nunc, eu ullamcorper libero vestibulum vel. Mauris tristique lobortis orci, at feugiat nulla.]]></Observacao>
<Fotos><Foto><NomeArquivo>lancamento-patio-central-alameda-7.jpg</NomeArquivo>
<URLArquivo>http://localhost/grazi/wp-content/uploads/2018/10/lancamento-patio-central-alameda-7.jpg</URLArquivo>
</Foto>
<Foto><NomeArquivo>lancamento-patio-central-brinquedoteca-6.jpg</NomeArquivo>
<URLArquivo>http://localhost/grazi/wp-content/uploads/2018/10/lancamento-patio-central-brinquedoteca-6.jpg</URLArquivo>
</Foto>
<Foto><NomeArquivo>lancamento-patio-central-churrasqueira-5.jpg</NomeArquivo>
<URLArquivo>http://localhost/grazi/wp-content/uploads/2018/10/lancamento-patio-central-churrasqueira-5.jpg</URLArquivo>
</Foto>
<Foto><NomeArquivo>lancamento-patio-central-playground-3.jpg</NomeArquivo>
<URLArquivo>http://localhost/grazi/wp-content/uploads/2018/10/lancamento-patio-central-playground-3.jpg</URLArquivo>
</Foto>
<Foto><NomeArquivo>lancamento-patio-central-quadra-2.jpg</NomeArquivo>
<URLArquivo>http://localhost/grazi/wp-content/uploads/2018/10/lancamento-patio-central-quadra-2.jpg</URLArquivo>
</Foto>
<Foto><NomeArquivo>lancamento-patio-central-salao-de-festas-4.jpg</NomeArquivo>
<URLArquivo>http://localhost/grazi/wp-content/uploads/2018/10/lancamento-patio-central-salao-de-festas-4.jpg</URLArquivo>
</Foto>
</Fotos>
</Imovel>
<Imovel><CodigoCliente>Apartamento Hortolândia</CodigoCliente>
<CodigoImovel>29</CodigoImovel>
<TipoImovel>Apartamento</TipoImovel>
<SubTipoImovel></SubTipoImovel>
<CategoriaImovel></CategoriaImovel>
<Cidade>Campinas</Cidade>
<Bairro></Bairro>
<Endereco></Endereco>
<Numero></Numero>
<CEP></CEP>
<PrecoVenda></PrecoVenda>
<PrecoLocacao></PrecoLocacao>
<PrecoCondominio></PrecoCondominio>
<QtdVagas></QtdVagas>
<AreaUtil></AreaUtil>
<QtdDormitorios></QtdDormitorios>
<Observacao><![CDATA[Apartamento próximo ao centro de Hortolândia.]]></Observacao>
<Fotos></Fotos>
</Imovel>
<Imovel><CodigoCliente>Apartamento Cambuí</CodigoCliente>
<CodigoImovel>27</CodigoImovel>
<TipoImovel>Apartamento</TipoImovel>
<SubTipoImovel></SubTipoImovel>
<CategoriaImovel></CategoriaImovel>
<Cidade>Teresina</Cidade>
<Bairro></Bairro>
<Endereco></Endereco>
<Numero></Numero>
<CEP></CEP>
<PrecoVenda></PrecoVenda>
<PrecoLocacao></PrecoLocacao>
<PrecoCondominio></PrecoCondominio>
<QtdVagas></QtdVagas>
<AreaUtil></AreaUtil>
<QtdDormitorios></QtdDormitorios>
<Observacao><![CDATA[Apartamento próximo ao centro de Campinas.]]></Observacao>
<Fotos></Fotos>
</Imovel>
<Imovel><CodigoCliente>Apartamento Recife</CodigoCliente>
<CodigoImovel>25</CodigoImovel>
<TipoImovel>Apartamento</TipoImovel>
<SubTipoImovel></SubTipoImovel>
<CategoriaImovel></CategoriaImovel>
<Cidade>São Paulo</Cidade>
<Bairro></Bairro>
<Endereco></Endereco>
<Numero></Numero>
<CEP></CEP>
<PrecoVenda></PrecoVenda>
<PrecoLocacao></PrecoLocacao>
<PrecoCondominio></PrecoCondominio>
<QtdVagas></QtdVagas>
<AreaUtil></AreaUtil>
<QtdDormitorios></QtdDormitorios>
<Observacao><![CDATA[Aparatamento com vista para o mar.]]></Observacao>
<Fotos></Fotos>
</Imovel>
<Imovel><CodigoCliente>Apartamento Ubatuba</CodigoCliente>
<CodigoImovel>23</CodigoImovel>
<TipoImovel>Apartamento</TipoImovel>
<SubTipoImovel></SubTipoImovel>
<CategoriaImovel></CategoriaImovel>
<Cidade>Campo Grande</Cidade>
<Bairro></Bairro>
<Endereco></Endereco>
<Numero></Numero>
<CEP></CEP>
<PrecoVenda></PrecoVenda>
<PrecoLocacao></PrecoLocacao>
<PrecoCondominio></PrecoCondominio>
<QtdVagas></QtdVagas>
<AreaUtil></AreaUtil>
<QtdDormitorios></QtdDormitorios>
<Observacao><![CDATA[Apartamento com vista para o mar.]]></Observacao>
<Fotos></Fotos>
</Imovel>
<Imovel><CodigoCliente>Apartamento Minas Gerais</CodigoCliente>
<CodigoImovel>21</CodigoImovel>
<TipoImovel>Apartamento</TipoImovel>
<SubTipoImovel></SubTipoImovel>
<CategoriaImovel></CategoriaImovel>
<Cidade>Araçatuba</Cidade>
<Bairro></Bairro>
<Endereco></Endereco>
<Numero></Numero>
<CEP></CEP>
<PrecoVenda></PrecoVenda>
<PrecoLocacao></PrecoLocacao>
<PrecoCondominio></PrecoCondominio>
<QtdVagas></QtdVagas>
<AreaUtil></AreaUtil>
<QtdDormitorios></QtdDormitorios>
<Observacao><![CDATA[Apartamento com vista para as montanhas.]]></Observacao>
<Fotos></Fotos>
</Imovel>
<Imovel><CodigoCliente>Apartamento Guarujá</CodigoCliente>
<CodigoImovel>19</CodigoImovel>
<TipoImovel>Apartamento</TipoImovel>
<SubTipoImovel></SubTipoImovel>
<CategoriaImovel></CategoriaImovel>
<Cidade>Jataí</Cidade>
<Bairro></Bairro>
<Endereco></Endereco>
<Numero></Numero>
<CEP></CEP>
<PrecoVenda></PrecoVenda>
<PrecoLocacao></PrecoLocacao>
<PrecoCondominio></PrecoCondominio>
<QtdVagas></QtdVagas>
<AreaUtil></AreaUtil>
<QtdDormitorios></QtdDormitorios>
<Observacao><![CDATA[Apartamento completo perto da praia.]]></Observacao>
<Fotos></Fotos>
</Imovel>
</Imoveis>
</Carga>
